"79","6","2024-05-26 10:48:34.493134","3","Win senior modern fear."
"17","8","2024-07-24 20:10:40.101590","2","Old live school who memory over. Most history sign seat."
"53","9","2024-07-23 15:51:06.962580","5","Yet animal role country appear eye. Toward lawyer administration available wait summer."
"43","3","2024-10-11 02:32:51.206144","2","Work foot human how save kid create."
"42","0","2024-11-12 18:20:14.908233","1","Type or compare wide appear."
"82","6","2024-09-12 22:42:08.457472","2","Science close enjoy value people follow. Born society small either remember."
"41","3","2024-05-20 06:54:24.309787","1","Perform raise interest son customer boy rule my. Little option style approach officer country."
"17","4","2024-01-07 02:22:22.451706","5","Represent particularly director role approach enjoy family. Read address minute any."
"27","3","2024-05-31 22:30:03.352630","3","Better program speak bill rate rise discover."
"85","0","2024-08-14 01:02:41.408320","2","Section area worry success."
"74","4","2024-06-21 17:01:50.093940","4","Push particular onto develop. Especially summer degree score direction time those."
"92","4","2024-05-16 20:40:23.492878","1","Sea me out concern."
"93","7","2024-02-23 07:54:43.445877","4","List lose actually place."
"1","5","2024-08-03 20:39:51.661209","2","Site outside step."
"75","2","2024-04-17 11:41:01.887338","1","Agreement positive although available population last inside."
"75","9","2024-08-22 22:58:08.267136","5","Sell claim try."
"35","6","2024-04-03 07:32:53.410189","5","Bill charge station nation."
"31","2","2024-09-24 10:37:45.468722","2","Culture prevent would phone over. Seek second still peace hotel argue up."
"70","7","2024-03-27 01:53:20.194107","1","Not far per science its matter member state."
"27","8","2024-01-15 23:38:53.346021","5","Strong office situation kind accept like young."
"17","7","2024-03-30 19:46:26.369370","2","Seem type road commercial just. Ball area southern hair ten area voice part."
"72","9","2024-03-14 01:12:53.521513","1","Hold rate role record five author anything though. Why step long."
"28","9","2024-04-15 19:08:22.572225","5","Ever manager entire doctor whole."
"90","3","2024-05-17 13:25:39.920953","4","Tell police Democrat."
"16","2","2023-12-01 04:28:05.513900","2","Give those instead cut professional. Specific happen sit marriage."
"66","0","2024-09-05 10:34:11.445786","4","Herself page clear popular. Reduce employee view be mention truth attorney."
"73","5","2024-01-30 02:53:13.422154","5","Style enter relationship left report to anything. Pick party think."
"21","6","2024-02-05 12:23:59.700086","4","Better kid game above other start."
"49","4","2024-08-01 19:35:55.393865","2","Student official forward player. Physical near few tell between beyond management."
"60","3","2024-04-06 23:55:21.744833","3","Dinner produce girl stop agreement nearly spring. Relate suffer future daughter whom."
"84","8","2024-05-17 20:29:34.900200","2","Lawyer power full action. House human manager hold sit like or physical."
"50","2","2024-01-14 06:15:57.682329","1","Yourself play today senior friend. Food reason mother training statement."
"69","5","2023-12-14 11:38:39.922311","1","Call clearly decade."
"96","5","2024-02-12 22:09:22.659815","1","Doctor hard staff hit."
"85","1","2023-12-14 03:21:25.242850","1","Laugh always pressure. Suddenly group again deep."
"55","6","2024-03-17 06:47:58.134941","3","Order down of election action quickly."
"18","5","2024-10-20 01:52:56.940372","4","Suggest hundred knowledge lay."
"5","4","2024-11-09 10:52:02.499921","2","Area lawyer black various thank look. Government run high high hit point thousand."
"61","7","2024-08-03 07:54:21.389349","2","North against personal general exist."
"35","3","2024-08-01 23:29:25.900794","5","Education actually possible."
"45","6","2024-09-26 07:42:58.340365","5","Market model change traditional since benefit."
"97","9","2024-07-21 22:47:32.699932","3","Four manager she sign hear college. Get rate suffer."
"64","4","2024-01-09 10:25:57.253136","3","To eat agency despite fact."
"95","7","2024-07-20 00:03:02.641406","5","Guy music ok so."
"94","9","2024-10-19 02:42:04.394152","4","Training possible election bad care. Crime mother science."
"67","1","2024-02-18 12:50:10.296042","4","President edge democratic minute threat office year."
"74","6","2024-08-07 10:54:31.225313","4","Behind to memory from region. Individual child poor offer common than hair."
"1","3","2024-10-28 12:59:22.510637","4","Return trial space near carry list."
"64","3","2024-05-04 07:25:23.950291","4","Manage season American keep simply pressure way."
"91","4","2024-03-01 02:20:16.743117","1","Heavy network one a."
"16","8","2024-11-05 02:36:56.134117","3","All sign rather community pick. Moment old simply indicate."
"9","3","2024-08-12 03:43:39.177993","2","Economy admit close avoid majority. Manage practice religious reach agree."
"92","2","2024-01-18 01:15:01.784283","3","Physical generation race current. Possible huge history board."
"91","7","2024-07-27 21:58:46.090708","3","Relationship power begin force thought fish education head. Present talk our impact."
"77","7","2024-07-22 12:47:48.409510","2","Eat interesting collection later recognize could food soldier."
"7","2","2024-10-14 22:35:42.889161","5","Attorney understand work glass reflect none deep."
"52","7","2024-02-17 22:45:46.818933","1","Employee develop baby staff medical. Product body mind beat concern."
"70","9","2024-04-12 03:04:02.262908","2","Third community wrong investment. Beat happen to black discuss decision travel."
"79","7","2023-11-30 08:53:26.232592","4","Hotel owner pick push."
"85","7","2024-07-10 02:08:26.532592","2","See Democrat participant PM direction sport need."
"86","3","2024-02-03 08:33:04.788091","3","Base we see care control not."
"88","8","2024-08-19 10:21:03.741846","3","Nearly least share pick send."
"50","8","2023-12-15 22:50:46.682153","2","Do worker she sense but only. Now teach task strategy owner church Congress."
"98","9","2023-12-14 21:15:17.286927","1","Consider bag under whether then weight."
"9","2","2024-04-30 23:52:16.578957","4","Onto strong work analysis offer."
"72","2","2024-10-20 14:52:13.890272","2","Debate test thus inside add economic trade."
"0","1","2024-06-07 08:52:09.424584","3","Society reality watch hear those president finish."
"66","4","2024-10-15 22:17:08.315583","2","History animal authority bag finally door. Section above visit reduce parent."
"37","9","2024-07-15 12:03:29.598634","3","For fear article near surface. Event oil best month."
"10","9","2024-01-21 14:27:18.049731","3","Four event idea knowledge believe measure conference. Work second affect try economy change democratic."
"4","3","2024-10-24 02:02:22.419471","4","Black technology may member control."
"35","1","2024-06-10 14:59:29.575161","3","Hotel teach relationship other finish campaign two."
"89","7","2024-09-14 07:24:27.683006","5","Person talk throughout administration. Finish minute already themselves chair contain case actually."
"34","5","2024-01-21 02:16:17.750631","4","Recognize city story."
"99","0","2023-12-20 19:43:56.960487","2","Weight arrive relationship happen artist leg treatment run. Three weight for assume full."
"40","6","2024-02-07 18:07:55.485404","2","Much sign box language."
"70","2","2024-03-03 06:42:11.060028","3","Compare voice series western threat pretty almost. Say carry carry option fact nice interesting."
"97","6","2024-03-30 04:11:35.323896","3","Find southern apply many conference travel. Something manager national claim these."
"11","1","2024-09-18 15:23:49.015149","1","Expert civil expert around production by participant. Able edge forget three."
"45","2","2024-06-26 00:45:50.363797","1","Indeed pay station since return soon."
"91","2","2024-01-02 00:41:37.679153","3","Religious run compare face indicate article take."
"54","2","2024-10-03 18:45:01.764525","4","Business song growth high interview traditional collection."
"14","6","2023-12-12 14:51:23.477571","3","Option girl institution operation fact."
"76","3","2024-08-27 01:21:53.801320","2","Your section property toward ground character."
"61","1","2024-05-04 15:47:13.553381","1","Fire possible one mission production. Hour last however practice."
"22","3","2024-05-17 16:16:55.497551","3","Product call skin prepare. Threat science animal still commercial rate note management."
"30","1","2024-08-18 19:04:23.255809","5","Positive bank somebody president. Indeed style view town gun control campaign note."
"34","6","2023-12-22 08:57:06.647351","4","House final sell feeling."
"62","0","2024-10-15 08:02:45.354002","5","Top heart nice weight style. Career traditional view open inside."
"44","7","2024-08-05 18:23:20.162900","2","Where grow friend central avoid could although. Cold short campaign including data with Mr."
"12","5","2024-02-01 17:46:09.145226","2","They take mean realize course activity customer individual."
"72","4","2024-01-10 11:37:50.584774","2","Practice song environment former some. However per leg fall necessary."
"28","5","2024-10-11 11:49:21.165138","3","Learn young one particularly use enjoy."
"80","7","2024-05-24 15:52:41.178913","2","New others girl series civil. Other key past west station environmental how drive."
"49","3","2024-07-01 10:43:56.597332","4","Home deep reflect receive interest effort fact."
"48","8","2024-05-31 12:21:32.197114","3","Occur pull let consumer perform next. However feel between work end green anything."
"6","0","2024-05-26 08:32:25.179864","1","Loss claim professional avoid feel. Small agency upon item."
"14","5","2024-08-26 06:30:48.605720","3","While event land answer add painting season."
"39","3","2024-01-19 00:44:39.114486","4","Include company letter value care recognize."
"0","9","2024-03-12 15:49:53.825094","5","Full cup note service over family behavior successful."
